动画,110
故事,92
追光,82
白蛇,80
剧情,64
画面,59
国产,51
国漫,42
许仙,41
人物,35
电影,34
结尾,33
许宣,31
新白娘子,31
青蛇,30
小白,30
宝青坊,29
人设,28
不错,27
真的,26
惊艳,25
白蛇传,25
前世,25
场景,25
动作,24
好看,22
有点,22
喜欢,22
男主,22
最后,21
打斗,20
成人,20
设定,20
这部,20
画风,19
致敬,19
传奇,19
感觉,19
非常,19
爱情,19
小青,18
缘起,18
彩蛋,18
白素贞,17
场面,16
女主,16
今生,16
本片,16
水墨,16
剧本,16
一部,15
动画片,15
白娘子,15
国师,15
低幼,14
情节,14
动画电影,14
特效,14
作品,14
片尾,14
合拍,14
看到,13
断桥,13
唯美,13
一个,13
生硬,13
前传,13
期待,13
华纳,12
人妖,12
鼓励,12
没有,12
情怀,12
制作,12
元素,12
中国,12
阿宣,12
配音,12
细节,12
表情,12
惊喜,12
动漫,11
观众,11
技术,11
设计,11
音乐,11
大圣,11
片子,11
台词,11
情感,11
很多,11
风语,11
角色,11
建模,11
值得,11
觉得,11
老套,11
响起,10
铺垫,10
希望,10
